{
  "baseline_wins": 8.757777777777777,
  "best_wins": 9.062222222222221,
  "delta": 0.3044444444444441,
  "best_params": {
    "MCW_WEIGHT": 7.46677077724792,
    "VONA_WEIGHT_MCW": 0.2421068942567332,
    "VONA_WEIGHT_BPA": 1.0001535804116837,
    "URGENCY_WEIGHT_MCW": 0.6507181212411569,
    "URGENCY_WEIGHT_BPA": 0.4384682842689344,
    "AVAILABILITY_DISCOUNT": 0.11750510950996156,
    "BENCH_PENALTY_RATE": 0.9481992847511432,
    "CONFIDENCE_START": 24,
    "CONFIDENCE_END": 108,
    "STREAMS_PER_WEEK": 6,
    "STREAMING_SP_THRESHOLD": 202
  },
  "best_category_rates": {
    "zscore_r": 0.9444444444444444,
    "zscore_tb": 0.9333333333333332,
    "zscore_rbi": 0.8977777777777777,
    "zscore_sb": 0.7555555555555555,
    "zscore_obp": 0.9333333333333332,
    "zscore_k": 0.9844444444444445,
    "zscore_qs": 0.9911111111111112,
    "zscore_era": 0.9577777777777777,
    "zscore_whip": 0.98,
    "zscore_svhd": 0.6844444444444444
  },
  "top_5": [
    {
      "wins": 9.062222222222221,
      "params": {
        "MCW_WEIGHT": 7.46677077724792,
        "VONA_WEIGHT_MCW": 0.2421068942567332,
        "VONA_WEIGHT_BPA": 1.0001535804116837,
        "URGENCY_WEIGHT_MCW": 0.6507181212411569,
        "URGENCY_WEIGHT_BPA": 0.4384682842689344,
        "AVAILABILITY_DISCOUNT": 0.11750510950996156,
        "BENCH_PENALTY_RATE": 0.9481992847511432,
        "CONFIDENCE_START": 24,
        "CONFIDENCE_END": 108,
        "STREAMS_PER_WEEK": 6,
        "STREAMING_SP_THRESHOLD": 202
      }
    },
    {
      "wins": 9.062222222222221,
      "params": {
        "MCW_WEIGHT": 8.461654716938131,
        "VONA_WEIGHT_MCW": 0.2677273980993257,
        "VONA_WEIGHT_BPA": 0.7867261904529428,
        "URGENCY_WEIGHT_MCW": 0.5187522839292726,
        "URGENCY_WEIGHT_BPA": 0.45295214185062005,
        "AVAILABILITY_DISCOUNT": 0.09813860574566628,
        "BENCH_PENALTY_RATE": 0.9496555265281639,
        "CONFIDENCE_START": 21,
        "CONFIDENCE_END": 110,
        "STREAMS_PER_WEEK": 6,
        "STREAMING_SP_THRESHOLD": 212
      }
    },
    {
      "wins": 9.05111111111111,
      "params": {
        "MCW_WEIGHT": 7.969994603766087,
        "VONA_WEIGHT_MCW": 0.0032919211473640686,
        "VONA_WEIGHT_BPA": 0.9801551758946045,
        "URGENCY_WEIGHT_MCW": 0.5795724647683913,
        "URGENCY_WEIGHT_BPA": 0.45148097144155513,
        "AVAILABILITY_DISCOUNT": 0.16261919084104542,
        "BENCH_PENALTY_RATE": 0.955949803901794,
        "CONFIDENCE_START": 24,
        "CONFIDENCE_END": 127,
        "STREAMS_PER_WEEK": 6,
        "STREAMING_SP_THRESHOLD": 201
      }
    },
    {
      "wins": 9.04888888888889,
      "params": {
        "MCW_WEIGHT": 10.474916023256007,
        "VONA_WEIGHT_MCW": 0.09861612627999665,
        "VONA_WEIGHT_BPA": 1.2312457491429827,
        "URGENCY_WEIGHT_MCW": 0.5706245117176167,
        "URGENCY_WEIGHT_BPA": 0.37654592991562646,
        "AVAILABILITY_DISCOUNT": 0.28192503989245876,
        "BENCH_PENALTY_RATE": 0.9255027427598818,
        "CONFIDENCE_START": 18,
        "CONFIDENCE_END": 122,
        "STREAMS_PER_WEEK": 6,
        "STREAMING_SP_THRESHOLD": 206
      }
    },
    {
      "wins": 9.042222222222222,
      "params": {
        "MCW_WEIGHT": 5.408243833982869,
        "VONA_WEIGHT_MCW": 0.001527450909211213,
        "VONA_WEIGHT_BPA": 0.9524225503717054,
        "URGENCY_WEIGHT_MCW": 0.5850448944103414,
        "URGENCY_WEIGHT_BPA": 0.44093804295096595,
        "AVAILABILITY_DISCOUNT": 0.15652734455615466,
        "BENCH_PENALTY_RATE": 0.9811554596437909,
        "CONFIDENCE_START": 25,
        "CONFIDENCE_END": 118,
        "STREAMS_PER_WEEK": 6,
        "STREAMING_SP_THRESHOLD": 200
      }
    }
  ],
  "total_trials": 100,
  "seed": 42
}