{
  "baseline_wins": 7.3561111111111135,
  "best_wins": 7.301944444444445,
  "delta": -0.05416666666666892,
  "best_params": {
    "MCW_WEIGHT": 22.090340450964828,
    "VONA_WEIGHT_MCW": 0.008554821394132052,
    "VONA_WEIGHT_BPA": 0.9685314018961474,
    "URGENCY_WEIGHT_MCW": 0.33372188889869253,
    "URGENCY_WEIGHT_BPA": 0.6833923320589924,
    "AVAILABILITY_DISCOUNT": 0.025975994843120447,
    "BENCH_PENALTY_RATE": 0.5751037508811796,
    "CONFIDENCE_START": 1,
    "CONFIDENCE_END": 112
  },
  "best_category_rates": {
    "zscore_r": 0.8527777777777757,
    "zscore_tb": 0.8183333333333315,
    "zscore_rbi": 0.7038888888888879,
    "zscore_sb": 0.7805555555555537,
    "zscore_obp": 0.8944444444444436,
    "zscore_k": 0.7416666666666655,
    "zscore_qs": 0.7777777777777761,
    "zscore_era": 0.6816666666666658,
    "zscore_whip": 0.6749999999999988,
    "zscore_svhd": 0.37583333333333324
  },
  "top_5": [
    {
      "wins": 7.301944444444445,
      "params": {
        "MCW_WEIGHT": 22.090340450964828,
        "VONA_WEIGHT_MCW": 0.008554821394132052,
        "VONA_WEIGHT_BPA": 0.9685314018961474,
        "URGENCY_WEIGHT_MCW": 0.33372188889869253,
        "URGENCY_WEIGHT_BPA": 0.6833923320589924,
        "AVAILABILITY_DISCOUNT": 0.025975994843120447,
        "BENCH_PENALTY_RATE": 0.5751037508811796,
        "CONFIDENCE_START": 1,
        "CONFIDENCE_END": 112
      }
    },
    {
      "wins": 7.296388888888888,
      "params": {
        "MCW_WEIGHT": 23.078961820841805,
        "VONA_WEIGHT_MCW": 0.06337135191379331,
        "VONA_WEIGHT_BPA": 0.9483086684852123,
        "URGENCY_WEIGHT_MCW": 0.4810564536170505,
        "URGENCY_WEIGHT_BPA": 0.5217521809944161,
        "AVAILABILITY_DISCOUNT": 0.11790933747813942,
        "BENCH_PENALTY_RATE": 0.5410509120701603,
        "CONFIDENCE_START": 1,
        "CONFIDENCE_END": 106
      }
    },
    {
      "wins": 7.2938888888888895,
      "params": {
        "MCW_WEIGHT": 23.05915676741453,
        "VONA_WEIGHT_MCW": 0.03169957085694372,
        "VONA_WEIGHT_BPA": 0.9710989705108447,
        "URGENCY_WEIGHT_MCW": 0.5190691929551902,
        "URGENCY_WEIGHT_BPA": 0.6672704866841105,
        "AVAILABILITY_DISCOUNT": 0.024593414979355438,
        "BENCH_PENALTY_RATE": 0.5729973350770182,
        "CONFIDENCE_START": 1,
        "CONFIDENCE_END": 109
      }
    },
    {
      "wins": 7.293888888888888,
      "params": {
        "MCW_WEIGHT": 21.454052846813497,
        "VONA_WEIGHT_MCW": 0.04102058104738609,
        "VONA_WEIGHT_BPA": 0.7998695423478299,
        "URGENCY_WEIGHT_MCW": 0.40121886623242664,
        "URGENCY_WEIGHT_BPA": 0.37693628723746864,
        "AVAILABILITY_DISCOUNT": 0.1416326685117414,
        "BENCH_PENALTY_RATE": 0.44687086940865045,
        "CONFIDENCE_START": 1,
        "CONFIDENCE_END": 117
      }
    },
    {
      "wins": 7.291944444444445,
      "params": {
        "MCW_WEIGHT": 22.260329159815104,
        "VONA_WEIGHT_MCW": 0.007365625460038397,
        "VONA_WEIGHT_BPA": 1.071701141087727,
        "URGENCY_WEIGHT_MCW": 0.3266803162963726,
        "URGENCY_WEIGHT_BPA": 0.7438902215334579,
        "AVAILABILITY_DISCOUNT": 0.037979074113433486,
        "BENCH_PENALTY_RATE": 0.5777350715809201,
        "CONFIDENCE_START": 0,
        "CONFIDENCE_END": 112
      }
    }
  ],
  "total_trials": 200,
  "seed": 42
}