{
  "baseline_wins": 6.78,
  "best_wins": 8.709444444444442,
  "delta": 1.9294444444444414,
  "best_params": {
    "MCW_WEIGHT": 21.160966485769833,
    "VONA_WEIGHT_MCW": 0.16024559494694834,
    "VONA_WEIGHT_BPA": 0.42212488833146755,
    "URGENCY_WEIGHT_MCW": 0.021111379717201867,
    "URGENCY_WEIGHT_BPA": 0.5464167871111223,
    "AVAILABILITY_DISCOUNT": 0.18988051389578003,
    "BENCH_PENALTY_RATE": 0.6336374943210291,
    "CONFIDENCE_START": 40,
    "CONFIDENCE_END": 81
  },
  "best_category_rates": {
    "zscore_r": 0.9044444444444437,
    "zscore_tb": 0.8733333333333327,
    "zscore_rbi": 0.847777777777777,
    "zscore_sb": 0.9033333333333328,
    "zscore_obp": 0.9811111111111108,
    "zscore_k": 0.8133333333333322,
    "zscore_qs": 0.7711111111111105,
    "zscore_era": 0.9777777777777774,
    "zscore_whip": 0.9866666666666666,
    "zscore_svhd": 0.6505555555555554
  },
  "top_5": [
    {
      "wins": 8.709444444444442,
      "params": {
        "MCW_WEIGHT": 21.160966485769833,
        "VONA_WEIGHT_MCW": 0.16024559494694834,
        "VONA_WEIGHT_BPA": 0.42212488833146755,
        "URGENCY_WEIGHT_MCW": 0.021111379717201867,
        "URGENCY_WEIGHT_BPA": 0.5464167871111223,
        "AVAILABILITY_DISCOUNT": 0.18988051389578003,
        "BENCH_PENALTY_RATE": 0.6336374943210291,
        "CONFIDENCE_START": 40,
        "CONFIDENCE_END": 81
      }
    },
    {
      "wins": 8.705555555555556,
      "params": {
        "MCW_WEIGHT": 17.3538710769772,
        "VONA_WEIGHT_MCW": 0.16145748290200235,
        "VONA_WEIGHT_BPA": 0.6670416063142818,
        "URGENCY_WEIGHT_MCW": 0.006307147848749264,
        "URGENCY_WEIGHT_BPA": 0.7164789824266216,
        "AVAILABILITY_DISCOUNT": 0.01246421000155995,
        "BENCH_PENALTY_RATE": 0.5586243525808342,
        "CONFIDENCE_START": 47,
        "CONFIDENCE_END": 157
      }
    },
    {
      "wins": 8.692222222222226,
      "params": {
        "MCW_WEIGHT": 19.04074434205287,
        "VONA_WEIGHT_MCW": 0.14724847528662055,
        "VONA_WEIGHT_BPA": 0.6034789701959373,
        "URGENCY_WEIGHT_MCW": 0.0068969507448494805,
        "URGENCY_WEIGHT_BPA": 0.5777480512467789,
        "AVAILABILITY_DISCOUNT": 0.10843423544901262,
        "BENCH_PENALTY_RATE": 0.5725990988954122,
        "CONFIDENCE_START": 46,
        "CONFIDENCE_END": 158
      }
    },
    {
      "wins": 8.68555555555556,
      "params": {
        "MCW_WEIGHT": 19.323170902195315,
        "VONA_WEIGHT_MCW": 0.09779963126406407,
        "VONA_WEIGHT_BPA": 0.8603596681014396,
        "URGENCY_WEIGHT_MCW": 0.09233521213688782,
        "URGENCY_WEIGHT_BPA": 0.7844994437909217,
        "AVAILABILITY_DISCOUNT": 0.07134221983746328,
        "BENCH_PENALTY_RATE": 0.5694963309570285,
        "CONFIDENCE_START": 46,
        "CONFIDENCE_END": 153
      }
    },
    {
      "wins": 8.685555555555556,
      "params": {
        "MCW_WEIGHT": 19.09416787314981,
        "VONA_WEIGHT_MCW": 0.12889191340947453,
        "VONA_WEIGHT_BPA": 0.6336531507184094,
        "URGENCY_WEIGHT_MCW": 0.08771879798768108,
        "URGENCY_WEIGHT_BPA": 0.5808792328516785,
        "AVAILABILITY_DISCOUNT": 0.1821321862265101,
        "BENCH_PENALTY_RATE": 0.6349298649708697,
        "CONFIDENCE_START": 46,
        "CONFIDENCE_END": 142
      }
    }
  ],
  "total_trials": 100,
  "seed": 42
}